Project,FilePath,Dependency,RemovedClasses,TotalClasses
tablesaw_json,results/tablesaw_json/deptrim/deptrim.log,com.eclipsesource.minimal-json:minimal-json:0.9.5,0,23
tablesaw_json,results/tablesaw_json/deptrim/deptrim.log,com.fasterxml.jackson.datatype:jackson-datatype-jsr310:2.13.2,5,59
tablesaw_json,results/tablesaw_json/deptrim/deptrim.log,com.github.wnameless.json:json-base:1.0.0,7,24
tablesaw_json,results/tablesaw_json/deptrim/deptrim.log,com.github.wnameless.json:json-flattener:0.8.1,2,19
tablesaw_json,results/tablesaw_json/deptrim/deptrim.log,org.apache.commons:commons-lang3:3.9,210,281
tablesaw_json,results/tablesaw_json/deptrim/deptrim.log,com.fasterxml.jackson.core:jackson-annotations:2.13.2,0,72
tablesaw_json,results/tablesaw_json/deptrim/deptrim.log,org.apache.commons:commons-text:1.8,113,134
tablesaw_json,results/tablesaw_json/deptrim/deptrim.log,com.fasterxml.jackson.core:jackson-databind:2.13.2.1,31,707
tablesaw_json,results/tablesaw_json/deptrim/deptrim.log,com.fasterxml.jackson.core:jackson-core:2.13.2,11,128
commons-validator,results/commons-validator/deptrim/deptrim.log,commons-digester:commons-digester:2.1,93,155
commons-validator,results/commons-validator/deptrim/deptrim.log,commons-collections:commons-collections:3.2.2,453,460
commons-validator,results/commons-validator/deptrim/deptrim.log,commons-beanutils:commons-beanutils:1.9.4,74,137
commons-validator,results/commons-validator/deptrim/deptrim.log,commons-logging:commons-logging:1.2,5,28
checkstyle,results/checkstyle/deptrim/deptrim.log,net.sf.saxon:Saxon-HE:11.4,111,2350
checkstyle,results/checkstyle/deptrim/deptrim.log,commons-beanutils:commons-beanutils:1.9.4,74,137
checkstyle,results/checkstyle/deptrim/deptrim.log,org.reflections:reflections:0.10.2,11,74
checkstyle,results/checkstyle/deptrim/deptrim.log,org.xmlresolver:xmlresolver:4.4.3,8,86
checkstyle,results/checkstyle/deptrim/deptrim.log,commons-logging:commons-logging:1.2,5,28
checkstyle,results/checkstyle/deptrim/deptrim.log,org.javassist:javassist:3.28.0-GA,87,426
checkstyle,results/checkstyle/deptrim/deptrim.log,org.slf4j:slf4j-api:1.7.32,15,34
checkstyle,results/checkstyle/deptrim/deptrim.log,org.checkerframework:checker-qual:3.27.0,351,358
checkstyle,results/checkstyle/deptrim/deptrim.log,org.antlr:antlr4-runtime:4.11.1,25,215
checkstyle,results/checkstyle/deptrim/deptrim.log,info.picocli:picocli:4.7.0,12,227
checkstyle,results/checkstyle/deptrim/deptrim.log,com.google.j2objc:j2objc-annotations:1.3,10,12
checkstyle,results/checkstyle/deptrim/deptrim.log,com.google.errorprone:error_prone_annotations:2.11.0,12,26
checkstyle,results/checkstyle/deptrim/deptrim.log,com.google.code.findbugs:jsr305:3.0.2,26,35
checkstyle,results/checkstyle/deptrim/deptrim.log,commons-collections:commons-collections:3.2.2,453,460
checkstyle,results/checkstyle/deptrim/deptrim.log,com.google.guava:guava:31.1-jre,1130,2023
helidon_openapi,results/helidon_openapi/deptrim/deptrim.log,io.opentracing:opentracing-noop:0.33.0,0,13
helidon_openapi,results/helidon_openapi/deptrim/deptrim.log,org.jboss.logging:jboss-logging:3.2.1.Final,15,48
helidon_openapi,results/helidon_openapi/deptrim/deptrim.log,io.helidon.common:helidon-common-reactive:2.5.6,5,195
helidon_openapi,results/helidon_openapi/deptrim/deptrim.log,io.smallrye:smallrye-open-api-core:2.0.26,53,234
helidon_openapi,results/helidon_openapi/deptrim/deptrim.log,io.helidon.webserver:helidon-webserver:2.5.6,27,156
helidon_openapi,results/helidon_openapi/deptrim/deptrim.log,io.helidon.tracing:helidon-tracing-config:2.5.6,1,21
helidon_openapi,results/helidon_openapi/deptrim/deptrim.log,io.helidon.logging:helidon-logging-common:2.5.6,2,5
helidon_openapi,results/helidon_openapi/deptrim/deptrim.log,io.helidon.common:helidon-common-key-util:2.5.6,1,12
helidon_openapi,results/helidon_openapi/deptrim/deptrim.log,io.netty:netty-buffer:4.1.86.Final,27,137
helidon_openapi,results/helidon_openapi/deptrim/deptrim.log,io.helidon.webserver:helidon-webserver-cors:2.5.6,1,35
helidon_openapi,results/helidon_openapi/deptrim/deptrim.log,io.helidon.common:helidon-common-http:2.5.6,1,58
helidon_openapi,results/helidon_openapi/deptrim/deptrim.log,io.opentracing:opentracing-util:0.33.0,2,5
helidon_openapi,results/helidon_openapi/deptrim/deptrim.log,io.helidon.media:helidon-media-jsonp:2.5.6,1,12
helidon_openapi,results/helidon_openapi/deptrim/deptrim.log,jakarta.annotation:jakarta.annotation-api:1.3.5,9,15
helidon_openapi,results/helidon_openapi/deptrim/deptrim.log,io.helidon.common:helidon-common-media-type:2.5.6,2,7
helidon_openapi,results/helidon_openapi/deptrim/deptrim.log,org.yaml:snakeyaml:1.32,10,226
helidon_openapi,results/helidon_openapi/deptrim/deptrim.log,org.jboss:jandex:2.3.1.Final,20,106
helidon_openapi,results/helidon_openapi/deptrim/deptrim.log,io.netty:netty-codec-http:4.1.86.Final,228,385
helidon_openapi,results/helidon_openapi/deptrim/deptrim.log,io.netty:netty-transport-native-unix-common:4.1.86.Final,24,32
helidon_openapi,results/helidon_openapi/deptrim/deptrim.log,io.helidon.common:helidon-common-service-loader:2.5.6,1,6
helidon_openapi,results/helidon_openapi/deptrim/deptrim.log,io.netty:netty-transport:4.1.86.Final,127,366
helidon_openapi,results/helidon_openapi/deptrim/deptrim.log,io.helidon.media:helidon-media-common:2.5.6,5,72
helidon_openapi,results/helidon_openapi/deptrim/deptrim.log,org.eclipse.microprofile.openapi:microprofile-openapi-api:1.2,30,120
helidon_openapi,results/helidon_openapi/deptrim/deptrim.log,io.netty:netty-common:4.1.86.Final,123,488
helidon_openapi,results/helidon_openapi/deptrim/deptrim.log,io.netty:netty-codec-http2:4.1.86.Final,21,277
helidon_openapi,results/helidon_openapi/deptrim/deptrim.log,io.netty:netty-codec:4.1.86.Final,120,217
helidon_openapi,results/helidon_openapi/deptrim/deptrim.log,io.helidon.common:helidon-common-mapper:2.5.6,10,13
helidon_openapi,results/helidon_openapi/deptrim/deptrim.log,io.helidon.common:helidon-common-context:2.5.6,2,16
helidon_openapi,results/helidon_openapi/deptrim/deptrim.log,io.opentracing:opentracing-api:0.33.0,6,29
helidon_openapi,results/helidon_openapi/deptrim/deptrim.log,io.helidon.config:helidon-config:2.5.6,8,225
helidon_openapi,results/helidon_openapi/deptrim/deptrim.log,io.netty:netty-handler:4.1.86.Final,121,344
helidon_openapi,results/helidon_openapi/deptrim/deptrim.log,org.eclipse.microprofile.config:microprofile-config-api:1.4,5,11
helidon_openapi,results/helidon_openapi/deptrim/deptrim.log,io.helidon.common:helidon-common:2.5.6,12,39
helidon_openapi,results/helidon_openapi/deptrim/deptrim.log,io.helidon.common:helidon-common-configurable:2.5.6,20,39
classgraph,results/classgraph/deptrim/deptrim.log,io.github.toolfactory:narcissus:1.0.7,2,16
classgraph,results/classgraph/deptrim/deptrim.log,io.github.toolfactory:jvm-driver:9.4.2,8,208
modelmapper,results/modelmapper/core/deptrim/deptrim.log,org.ow2.asm:asm-tree:9.4,30,39
modelmapper,results/modelmapper/core/deptrim/deptrim.log,org.ow2.asm:asm-commons:9.2,18,28
modelmapper,results/modelmapper/core/deptrim/deptrim.log,net.bytebuddy:byte-buddy-dep:1.12.3,346,2544
modelmapper,results/modelmapper/core/deptrim/deptrim.log,net.jodah:typetools:0.6.3,0,8
modelmapper,results/modelmapper/core/deptrim/deptrim.log,org.objenesis:objenesis:3.2,17,43
modelmapper,results/modelmapper/core/deptrim/deptrim.log,org.ow2.asm:asm:9.4,1,38
jooby_jooby,results/jooby_jooby/deptrim/deptrim.log,org.ow2.asm:asm-tree:9.3,9,39
jooby_jooby,results/jooby_jooby/deptrim/deptrim.log,org.unbescape:unbescape:1.1.6.RELEASE,25,69
jooby_jooby,results/jooby_jooby/deptrim/deptrim.log,org.jetbrains.kotlin:kotlin-stdlib-jdk8:1.6.21,10,13
jooby_jooby,results/jooby_jooby/deptrim/deptrim.log,io.projectreactor:reactor-core:3.4.18,40,891
jooby_jooby,results/jooby_jooby/deptrim/deptrim.log,org.ow2.asm:asm-util:9.3,13,26
jooby_jooby,results/jooby_jooby/deptrim/deptrim.log,com.github.vladimir-bukhtoyarov:bucket4j-core:6.4.1,58,93
jooby_jooby,results/jooby_jooby/deptrim/deptrim.log,org.ow2.asm:asm:9.3,1,38
jooby_jooby,results/jooby_jooby/deptrim/deptrim.log,org.jetbrains:annotations:13.0,30,32
jooby_jooby,results/jooby_jooby/deptrim/deptrim.log,io.reactivex.rxjava2:rxjava:2.2.21,55,1659
jooby_jooby,results/jooby_jooby/deptrim/deptrim.log,com.typesafe:config:1.4.2,6,181
jooby_jooby,results/jooby_jooby/deptrim/deptrim.log,org.ow2.asm:asm-analysis:9.3,14,15
jooby_jooby,results/jooby_jooby/deptrim/deptrim.log,org.slf4j:slf4j-api:1.7.36,2,34
jooby_jooby,results/jooby_jooby/deptrim/deptrim.log,org.jetbrains.kotlin:kotlin-reflect:1.6.21,22,1865
jooby_jooby,results/jooby_jooby/deptrim/deptrim.log,org.jetbrains.kotlin:kotlin-stdlib:1.6.21,223,881
jooby_jooby,results/jooby_jooby/deptrim/deptrim.log,javax.inject:javax.inject:1,2,6
jooby_jooby,results/jooby_jooby/deptrim/deptrim.log,com.google.code.findbugs:jsr305:3.0.2,24,35
jooby_jooby,results/jooby_jooby/deptrim/deptrim.log,org.jetbrains.kotlinx:kotlinx-coroutines-core-jvm:1.6.2,619,845
jooby_jooby,results/jooby_jooby/deptrim/deptrim.log,commons-io:commons-io:2.11.0,180,201
jooby_jooby,results/jooby_jooby/deptrim/deptrim.log,org.reactivestreams:reactive-streams:1.0.3,9,13
jooby_jooby,results/jooby_jooby/deptrim/deptrim.log,org.jetbrains.kotlin:kotlin-stdlib-jdk7:1.6.21,7,9
flink,results/flink/flink-java/deptrim/deptrim.log,com.esotericsoftware.kryo:kryo:2.24.0,25,193
flink,results/flink/flink-java/deptrim/deptrim.log,org.apache.flink:flink-metrics-core:1.15.3,11,32
flink,results/flink/flink-java/deptrim/deptrim.log,org.objenesis:objenesis:2.1,20,37
flink,results/flink/flink-java/deptrim/deptrim.log,com.esotericsoftware.minlog:minlog:1.2,0,2
flink,results/flink/flink-java/deptrim/deptrim.log,org.slf4j:slf4j-api:1.7.32,8,34
flink,results/flink/flink-java/deptrim/deptrim.log,org.apache.flink:flink-core:1.15.3,342,1122
flink,results/flink/flink-java/deptrim/deptrim.log,org.apache.flink:flink-shaded-asm-9:9.2-15.0,82,116
flink,results/flink/flink-java/deptrim/deptrim.log,org.apache.commons:commons-math3:3.6.1,1188,1301
flink,results/flink/flink-java/deptrim/deptrim.log,com.google.code.findbugs:jsr305:1.3.9,25,35
flink,results/flink/flink-java/deptrim/deptrim.log,org.apache.flink:flink-annotations:1.15.3,1,16
flink,results/flink/flink-java/deptrim/deptrim.log,org.apache.flink:flink-shaded-guava:30.1.1-jre-15.0,1243,2032
flink,results/flink/flink-java/deptrim/deptrim.log,org.apache.commons:commons-compress:1.21,510,524
flink,results/flink/flink-java/deptrim/deptrim.log,commons-collections:commons-collections:3.2.2,457,460
flink,results/flink/flink-java/deptrim/deptrim.log,org.apache.commons:commons-lang3:3.3.2,171,217
flink,results/flink/flink-java/deptrim/deptrim.log,com.twitter:chill-java:0.7.6,41,54
lettuce-core,results/lettuce-core/deptrim/deptrim.log,io.projectreactor:reactor-core:3.4.25,40,903
lettuce-core,results/lettuce-core/deptrim/deptrim.log,io.netty:netty-codec-dns:4.1.85.Final,7,45
lettuce-core,results/lettuce-core/deptrim/deptrim.log,io.netty.incubator:netty-incubator-transport-classes-io_uring:0.0.16.Final,4,44
lettuce-core,results/lettuce-core/deptrim/deptrim.log,org.jetbrains.kotlinx:kotlinx-coroutines-jdk8:1.5.2,4,10
lettuce-core,results/lettuce-core/deptrim/deptrim.log,org.jetbrains.kotlin:kotlin-stdlib:1.5.30,230,864
lettuce-core,results/lettuce-core/deptrim/deptrim.log,io.zipkin.reporter2:zipkin-reporter-brave:2.16.3,3,9
lettuce-core,results/lettuce-core/deptrim/deptrim.log,org.apache.commons:commons-pool2:2.11.1,12,80
lettuce-core,results/lettuce-core/deptrim/deptrim.log,org.latencyutils:LatencyUtils:2.0.3,0,22
lettuce-core,results/lettuce-core/deptrim/deptrim.log,io.micrometer:micrometer-core:1.9.6,224,366
lettuce-core,results/lettuce-core/deptrim/deptrim.log,org.jetbrains:annotations:13.0,30,32
lettuce-core,results/lettuce-core/deptrim/deptrim.log,io.reactivex.rxjava2:rxjava:2.2.21,55,1659
lettuce-core,results/lettuce-core/deptrim/deptrim.log,io.netty:netty-handler:4.1.85.Final,109,344
lettuce-core,results/lettuce-core/deptrim/deptrim.log,org.jetbrains.kotlinx:kotlinx-coroutines-core-jvm:1.5.2,108,833
lettuce-core,results/lettuce-core/deptrim/deptrim.log,io.zipkin.reporter2:zipkin-reporter:2.16.3,27,30
lettuce-core,results/lettuce-core/deptrim/deptrim.log,javax.enterprise:cdi-api:2.0.SP1,86,148
lettuce-core,results/lettuce-core/deptrim/deptrim.log,org.jetbrains.kotlinx:kotlinx-coroutines-reactive:1.5.2,12,33
lettuce-core,results/lettuce-core/deptrim/deptrim.log,io.netty:netty-transport-classes-epoll:4.1.85.Final,5,66
lettuce-core,results/lettuce-core/deptrim/deptrim.log,io.netty:netty-codec:4.1.85.Final,191,214
lettuce-core,results/lettuce-core/deptrim/deptrim.log,io.netty:netty-resolver-dns:4.1.85.Final,8,101
lettuce-core,results/lettuce-core/deptrim/deptrim.log,org.jetbrains.kotlin:kotlin-stdlib-jdk7:1.5.30,7,8
lettuce-core,results/lettuce-core/deptrim/deptrim.log,io.netty:netty-transport-native-unix-common:4.1.85.Final,4,32
lettuce-core,results/lettuce-core/deptrim/deptrim.log,io.netty:netty-common:4.1.85.Final,134,488
lettuce-core,results/lettuce-core/deptrim/deptrim.log,io.reactivex:rxjava:1.3.8,40,1015
lettuce-core,results/lettuce-core/deptrim/deptrim.log,org.jetbrains.kotlin:kotlin-stdlib-jdk8:1.5.30,10,12
lettuce-core,results/lettuce-core/deptrim/deptrim.log,io.zipkin.brave:brave:5.13.11,75,251
lettuce-core,results/lettuce-core/deptrim/deptrim.log,io.reactivex.rxjava3:rxjava:3.1.5,57,1757
lettuce-core,results/lettuce-core/deptrim/deptrim.log,javax.interceptor:javax.interceptor-api:1.2,7,10
lettuce-core,results/lettuce-core/deptrim/deptrim.log,javax.inject:javax.inject:1,3,6
lettuce-core,results/lettuce-core/deptrim/deptrim.log,io.reactivex:rxjava-reactive-streams:1.2.1,0,15
lettuce-core,results/lettuce-core/deptrim/deptrim.log,io.netty:netty-resolver:4.1.85.Final,10,29
lettuce-core,results/lettuce-core/deptrim/deptrim.log,com.google.code.findbugs:jsr305:3.0.2,28,35
lettuce-core,results/lettuce-core/deptrim/deptrim.log,io.zipkin.zipkin2:zipkin:2.23.2,81,167
lettuce-core,results/lettuce-core/deptrim/deptrim.log,io.netty:netty-transport-classes-kqueue:4.1.85.Final,10,50
lettuce-core,results/lettuce-core/deptrim/deptrim.log,org.hdrhistogram:HdrHistogram:2.1.12,57,96
lettuce-core,results/lettuce-core/deptrim/deptrim.log,javax.el:javax.el-api:3.0.0,29,46
lettuce-core,results/lettuce-core/deptrim/deptrim.log,io.netty:netty-transport:4.1.85.Final,121,366
lettuce-core,results/lettuce-core/deptrim/deptrim.log,org.reactivestreams:reactive-streams:1.0.4,9,13
lettuce-core,results/lettuce-core/deptrim/deptrim.log,io.netty:netty-buffer:4.1.85.Final,28,137
lettuce-core,results/lettuce-core/deptrim/deptrim.log,io.netty:netty-tcnative-classes:2.0.54.Final,1,28
mybatis-3,results/mybatis-3/deptrim/deptrim.log,cglib:cglib:3.3.0,107,249
mybatis-3,results/mybatis-3/deptrim/deptrim.log,org.apache.logging.log4j:log4j-api:2.19.0,68,193
mybatis-3,results/mybatis-3/deptrim/deptrim.log,org.javassist:javassist:3.29.2-GA,70,426
mybatis-3,results/mybatis-3/deptrim/deptrim.log,org.ow2.asm:asm:7.1,5,36
mybatis-3,results/mybatis-3/deptrim/deptrim.log,commons-logging:commons-logging:1.2,5,28
mybatis-3,results/mybatis-3/deptrim/deptrim.log,ognl:ognl:3.3.4,4,144
mybatis-3,results/mybatis-3/deptrim/deptrim.log,ch.qos.reload4j:reload4j:1.2.22,155,217
mybatis-3,results/mybatis-3/deptrim/deptrim.log,org.slf4j:slf4j-api:2.0.1,8,52
RxRelay,results/RxRelay/deptrim/deptrim.log,org.reactivestreams:reactive-streams:1.0.3,9,13
RxRelay,results/RxRelay/deptrim/deptrim.log,io.reactivex.rxjava3:rxjava:3.0.3,55,1745
woodstox,results/woodstox/deptrim/deptrim.log,net.java.dev.msv:msv-core:2013.6.1,176,524
woodstox,results/woodstox/deptrim/deptrim.log,org.codehaus.woodstox:stax2-api:4.2.1,12,125
woodstox,results/woodstox/deptrim/deptrim.log,net.java.dev.msv:xsdlib:2013.6.1,1,148
woodstox,results/woodstox/deptrim/deptrim.log,relaxngDatatype:relaxngDatatype:20020414,1,16
woodstox,results/woodstox/deptrim/deptrim.log,com.sun.xml.bind.jaxb:isorelax:20090621,32,51
graphhopper_core,results/graphhopper_core/deptrim/deptrim.log,org.codehaus.janino:janino:3.1.2,23,464
graphhopper_core,results/graphhopper_core/deptrim/deptrim.log,com.carrotsearch:hppc:0.8.1,746,950
graphhopper_core,results/graphhopper_core/deptrim/deptrim.log,org.codehaus.janino:commons-compiler:3.1.2,73,136
graphhopper_core,results/graphhopper_core/deptrim/deptrim.log,org.locationtech.jts:jts-core:1.15.1,241,527
graphhopper_core,results/graphhopper_core/deptrim/deptrim.log,com.fasterxml.jackson.core:jackson-annotations:2.10.5,1,69
graphhopper_core,results/graphhopper_core/deptrim/deptrim.log,com.google.protobuf:protobuf-java:3.11.4,175,666
graphhopper_core,results/graphhopper_core/deptrim/deptrim.log,com.graphhopper.external:jackson-datatype-jts:0.12-2.5-1,1,15
graphhopper_core,results/graphhopper_core/deptrim/deptrim.log,com.fasterxml.jackson.core:jackson-databind:2.10.5.1,22,656
graphhopper_core,results/graphhopper_core/deptrim/deptrim.log,org.slf4j:slf4j-api:1.7.36,2,34
graphhopper_core,results/graphhopper_core/deptrim/deptrim.log,com.fasterxml.jackson.core:jackson-core:2.10.5,11,118
graphhopper_core,results/graphhopper_core/deptrim/deptrim.log,com.graphhopper:graphhopper-web-api:6.0-SNAPSHOT,5,76
graphhopper_core,results/graphhopper_core/deptrim/deptrim.log,org.apache.xmlgraphics:xmlgraphics-commons:2.7,350,375
graphhopper_core,results/graphhopper_core/deptrim/deptrim.log,org.openstreetmap.osmosis:osmosis-osm-binary:0.47.3,16,79
guice,results/guice/core/deptrim/deptrim.log,org.ow2.asm:asm:9.2,4,38
guice,results/guice/core/deptrim/deptrim.log,org.checkerframework:checker-qual:3.5.0,309,321
guice,results/guice/core/deptrim/deptrim.log,aopalliance:aopalliance:1.0,3,9
guice,results/guice/core/deptrim/deptrim.log,com.google.guava:guava:30.1-jre,963,2029
guice,results/guice/core/deptrim/deptrim.log,com.google.guava:failureaccess:1.0.1,0,2
guice,results/guice/core/deptrim/deptrim.log,com.google.errorprone:error_prone_annotations:2.3.4,13,22
guice,results/guice/core/deptrim/deptrim.log,com.google.j2objc:j2objc-annotations:1.3,8,12
guice,results/guice/core/deptrim/deptrim.log,javax.inject:javax.inject:1,0,6
guice,results/guice/core/deptrim/deptrim.log,com.google.code.findbugs:jsr305:3.0.1,27,35
pdfbox_pdfbox,results/pdfbox_pdfbox/deptrim/deptrim.log,org.apache.pdfbox:fontbox:3.0.0-20230104.045752-3533,2,178
pdfbox_pdfbox,results/pdfbox_pdfbox/deptrim/deptrim.log,org.bouncycastle:bcutil-jdk18on:1.72,550,583
pdfbox_pdfbox,results/pdfbox_pdfbox/deptrim/deptrim.log,commons-logging:commons-logging:1.2,5,28
pdfbox_pdfbox,results/pdfbox_pdfbox/deptrim/deptrim.log,org.apache.pdfbox:io:3.0.0-20230104.045752-321,1,17
pdfbox_pdfbox,results/pdfbox_pdfbox/deptrim/deptrim.log,org.bouncycastle:bcpkix-jdk18on:1.72,744,853
pdfbox_pdfbox,results/pdfbox_pdfbox/deptrim/deptrim.log,org.bouncycastle:bcprov-jdk18on:1.72,3768,5114
jacop,results/jacop/deptrim/deptrim.log,org.scala-lang:scala-library:2.13.1,1371,2829
jacop,results/jacop/deptrim/deptrim.log,org.scala-lang:scala-reflect:2.13.1,1351,1418
jacop,results/jacop/deptrim/deptrim.log,org.mockito:mockito-all:1.10.19,749,752
jacop,results/jacop/deptrim/deptrim.log,org.scala-lang:scala-compiler:2.13.1,2982,2984
Recaf,results/Recaf/deptrim/deptrim.log,com.eclipsesource.minimal-json:minimal-json:0.9.5,0,23
Recaf,results/Recaf/deptrim/deptrim.log,org.ow2.asm:asm-tree:9.2,0,39
Recaf,results/Recaf/deptrim/deptrim.log,com.github.javaparser:javaparser-core:3.24.2,44,615
Recaf,results/Recaf/deptrim/deptrim.log,org.w3c.css:sac:1.3,0,29
Recaf,results/Recaf/deptrim/deptrim.log,org.jgrapht:jgrapht-core:1.0.1,279,376
Recaf,results/Recaf/deptrim/deptrim.log,io.github.soc:directories:12,2,5
Recaf,results/Recaf/deptrim/deptrim.log,net.minecraftforge:forgeflower:1.5.498.29,18,262
Recaf,results/Recaf/deptrim/deptrim.log,org.jsoup:jsoup:1.14.3,9,259
Recaf,results/Recaf/deptrim/deptrim.log,org.checkerframework:checker-qual:3.12.0,326,333
Recaf,results/Recaf/deptrim/deptrim.log,org.ow2.asm:asm-util:9.2,4,25
Recaf,results/Recaf/deptrim/deptrim.log,org.ow2.asm:asm-commons:9.2,16,28
Recaf,results/Recaf/deptrim/deptrim.log,com.esotericsoftware:reflectasm:1.11.9,0,26
Recaf,results/Recaf/deptrim/deptrim.log,org.ow2.asm:asm:9.2,0,38
Recaf,results/Recaf/deptrim/deptrim.log,org.bitbucket.mstrobel:procyon-core:0.6.0,24,161
Recaf,results/Recaf/deptrim/deptrim.log,net.sourceforge.jregex:jregex:1.2_01,24,68
Recaf,results/Recaf/deptrim/deptrim.log,commons-codec:commons-codec:1.15,94,106
Recaf,results/Recaf/deptrim/deptrim.log,org.ow2.asm:asm-analysis:9.2,4,15
Recaf,results/Recaf/deptrim/deptrim.log,org.fxmisc.undo:undofx:2.1.0,0,21
Recaf,results/Recaf/deptrim/deptrim.log,org.javassist:javassist:3.28.0-GA,87,426
Recaf,results/Recaf/deptrim/deptrim.log,com.github.Col-E:SimAnalyzer:1.6.0,3,40
Recaf,results/Recaf/deptrim/deptrim.log,org.slf4j:slf4j-api:1.7.30,2,34
Recaf,results/Recaf/deptrim/deptrim.log,ch.qos.logback:logback-core:1.2.3,114,373
Recaf,results/Recaf/deptrim/deptrim.log,org.jline:jline-terminal:3.21.0,6,93
Recaf,results/Recaf/deptrim/deptrim.log,org.fxmisc.wellbehaved:wellbehavedfx:0.3.3,0,41
Recaf,results/Recaf/deptrim/deptrim.log,info.picocli:picocli-shell-jline3:4.6.3,4,5
Recaf,results/Recaf/deptrim/deptrim.log,org.benf:cfr:0.152,15,1302
Recaf,results/Recaf/deptrim/deptrim.log,com.github.Col-E:CAFED00D:1.9.6,0,132
Recaf,results/Recaf/deptrim/deptrim.log,net.sourceforge.cssparser:cssparser:0.9.29,27,104
Recaf,results/Recaf/deptrim/deptrim.log,org.plugface:plugface-core:0.7.1,6,20
Recaf,results/Recaf/deptrim/deptrim.log,com.github.javaparser:javaparser-symbol-solver-core:3.24.2,59,194
Recaf,results/Recaf/deptrim/deptrim.log,com.google.j2objc:j2objc-annotations:1.3,10,12
Recaf,results/Recaf/deptrim/deptrim.log,ch.qos.logback:logback-classic:1.2.10,61,157
Recaf,results/Recaf/deptrim/deptrim.log,com.google.errorprone:error_prone_annotations:2.11.0,13,26
Recaf,results/Recaf/deptrim/deptrim.log,javax.inject:javax.inject:1,5,6
Recaf,results/Recaf/deptrim/deptrim.log,org.jline:jline-builtins:3.21.0,6,72
Recaf,results/Recaf/deptrim/deptrim.log,org.bitbucket.mstrobel:procyon-compilertools:0.6.0,27,874
Recaf,results/Recaf/deptrim/deptrim.log,org.jline:jline-reader:3.21.0,3,69
Recaf,results/Recaf/deptrim/deptrim.log,org.reactfx:reactfx:2.0-M5,59,356
Recaf,results/Recaf/deptrim/deptrim.log,args4j:args4j:2.33,22,74
Recaf,results/Recaf/deptrim/deptrim.log,com.google.code.findbugs:jsr305:3.0.2,25,35
Recaf,results/Recaf/deptrim/deptrim.log,info.picocli:picocli:4.6.3,1,225
Recaf,results/Recaf/deptrim/deptrim.log,com.github.Col-E:jphantom:1.4.3,2,157
Recaf,results/Recaf/deptrim/deptrim.log,commons-io:commons-io:2.11.0,141,201
Recaf,results/Recaf/deptrim/deptrim.log,org.fxmisc.richtext:richtextfx:0.10.6,11,144
Recaf,results/Recaf/deptrim/deptrim.log,com.google.guava:guava:31.1-jre,1170,2023
Recaf,results/Recaf/deptrim/deptrim.log,org.jline:jline:3.19.0,148,375
Recaf,results/Recaf/deptrim/deptrim.log,org.commonmark:commonmark:0.18.2,31,150
Recaf,results/Recaf/deptrim/deptrim.log,com.google.code.findbugs:annotations:3.0.1,49,60
Recaf,results/Recaf/deptrim/deptrim.log,org.fxmisc.flowless:flowless:0.6.3,1,42
Chronicle-Map,results/Chronicle-Map/deptrim/deptrim.log,org.ow2.asm:asm-tree:9.2,0,39
Chronicle-Map,results/Chronicle-Map/deptrim/deptrim.log,net.java.dev.jna:jna-platform:5.8.0,1030,1266
Chronicle-Map,results/Chronicle-Map/deptrim/deptrim.log,com.github.jnr:jnr-a64asm:1.0.0,10,48
Chronicle-Map,results/Chronicle-Map/deptrim/deptrim.log,net.openhft:chronicle-bytes:2.23.30,12,189
Chronicle-Map,results/Chronicle-Map/deptrim/deptrim.log,net.openhft:chronicle-analytics:2.23.2,2,16
Chronicle-Map,results/Chronicle-Map/deptrim/deptrim.log,org.ops4j.pax.url:pax-url-aether:2.6.2,1892,1960
Chronicle-Map,results/Chronicle-Map/deptrim/deptrim.log,com.github.jnr:jnr-ffi:2.2.11,166,666
Chronicle-Map,results/Chronicle-Map/deptrim/deptrim.log,org.ow2.asm:asm-util:9.2,4,25
Chronicle-Map,results/Chronicle-Map/deptrim/deptrim.log,org.ow2.asm:asm-commons:9.2,27,28
Chronicle-Map,results/Chronicle-Map/deptrim/deptrim.log,org.ow2.asm:asm:9.2,1,38
Chronicle-Map,results/Chronicle-Map/deptrim/deptrim.log,org.codehaus.jettison:jettison:1.4.1,16,47
Chronicle-Map,results/Chronicle-Map/deptrim/deptrim.log,org.ow2.asm:asm-analysis:9.2,4,15
Chronicle-Map,results/Chronicle-Map/deptrim/deptrim.log,net.openhft:chronicle-wire:2.23.39,124,411
Chronicle-Map,results/Chronicle-Map/deptrim/deptrim.log,xmlpull:xmlpull:1.1.3.1,0,4
Chronicle-Map,results/Chronicle-Map/deptrim/deptrim.log,com.github.jnr:jnr-x86asm:1.0.2,48,84
Chronicle-Map,results/Chronicle-Map/deptrim/deptrim.log,com.github.jnr:jffi:1.3.9,17,126
Chronicle-Map,results/Chronicle-Map/deptrim/deptrim.log,net.openhft:chronicle-values:2.23.3,0,84
Chronicle-Map,results/Chronicle-Map/deptrim/deptrim.log,com.squareup:javapoet:1.13.0,1,43
Chronicle-Map,results/Chronicle-Map/deptrim/deptrim.log,org.slf4j:slf4j-api:1.7.32,14,34
Chronicle-Map,results/Chronicle-Map/deptrim/deptrim.log,net.openhft:chronicle-algorithms:2.23.4,9,108
Chronicle-Map,results/Chronicle-Map/deptrim/deptrim.log,com.thoughtworks.xstream:xstream:1.4.19,145,490
Chronicle-Map,results/Chronicle-Map/deptrim/deptrim.log,net.openhft:chronicle-threads:2.23.25,6,54
Chronicle-Map,results/Chronicle-Map/deptrim/deptrim.log,net.java.dev.jna:jna:5.8.0,3,117
Chronicle-Map,results/Chronicle-Map/deptrim/deptrim.log,net.openhft:affinity:3.23ea1,10,49
Chronicle-Map,results/Chronicle-Map/deptrim/deptrim.log,net.openhft:compiler:2.23ea0,0,8
Chronicle-Map,results/Chronicle-Map/deptrim/deptrim.log,net.openhft:chronicle-core:2.23.35,97,303
Chronicle-Map,results/Chronicle-Map/deptrim/deptrim.log,net.openhft:posix:2.23.1,5,27
Chronicle-Map,results/Chronicle-Map/deptrim/deptrim.log,com.github.jnr:jnr-constants:0.10.3,1027,1038
pf4j,results/pf4j/deptrim/deptrim.log,com.github.zafarkhaja:java-semver:0.9.0,0,43
pf4j,results/pf4j/deptrim/deptrim.log,org.ow2.asm:asm:9.1,3,38
pf4j,results/pf4j/deptrim/deptrim.log,org.slf4j:slf4j-api:1.7.30,7,34
undertow_core,results/undertow_core/deptrim/deptrim.log,org.wildfly.client:wildfly-client-config:1.0.1.Final,2,16
undertow_core,results/undertow_core/deptrim/deptrim.log,org.jboss.threads:jboss-threads:3.1.0.Final,18,66
undertow_core,results/undertow_core/deptrim/deptrim.log,org.wildfly.common:wildfly-common:1.5.4.Final,120,204
undertow_core,results/undertow_core/deptrim/deptrim.log,org.jboss.xnio:xnio-api:3.8.7.Final,81,421
undertow_core,results/undertow_core/deptrim/deptrim.log,org.jboss.logging:jboss-logging:3.4.1.Final,3,35
jimfs,results/jimfs/deptrim/deptrim.log,com.google.guava:guava:30.1-android,1092,1952
jimfs,results/jimfs/deptrim/deptrim.log,com.google.guava:failureaccess:1.0.1,0,2
jimfs,results/jimfs/deptrim/deptrim.log,com.google.errorprone:error_prone_annotations:2.3.4,13,22
jimfs,results/jimfs/deptrim/deptrim.log,com.google.j2objc:j2objc-annotations:1.3,8,12
jimfs,results/jimfs/deptrim/deptrim.log,com.google.auto.service:auto-service-annotations:1.0-rc7,0,1
jimfs,results/jimfs/deptrim/deptrim.log,org.checkerframework:checker-compat-qual:2.5.5,8,10
jimfs,results/jimfs/deptrim/deptrim.log,com.ibm.icu:icu4j:68.2,592,1526
jimfs,results/jimfs/deptrim/deptrim.log,com.google.code.findbugs:jsr305:3.0.2,28,35
OpenPDF,results/OpenPDF/deptrim/deptrim.log,xml-apis:xml-apis:1.4.01,234,346
OpenPDF,results/OpenPDF/deptrim/deptrim.log,com.ibm.icu:icu4j:71.1,578,1555
OpenPDF,results/OpenPDF/deptrim/deptrim.log,org.apache.xmlgraphics:fop-core:2.7,2278,2547
OpenPDF,results/OpenPDF/deptrim/deptrim.log,org.apache.pdfbox:fontbox:2.0.24,100,157
OpenPDF,results/OpenPDF/deptrim/deptrim.log,commons-logging:commons-logging:1.0.4,6,18
OpenPDF,results/OpenPDF/deptrim/deptrim.log,xalan:serializer:2.7.2,39,108
OpenPDF,results/OpenPDF/deptrim/deptrim.log,xalan:xalan:2.7.2,942,1501
OpenPDF,results/OpenPDF/deptrim/deptrim.log,org.apache.xmlgraphics:fop:2.7,2313,2582
OpenPDF,results/OpenPDF/deptrim/deptrim.log,org.bouncycastle:bcpkix-jdk18on:1.71.1,697,841
OpenPDF,results/OpenPDF/deptrim/deptrim.log,org.apache.xmlgraphics:xmlgraphics-commons:2.7,366,375
OpenPDF,results/OpenPDF/deptrim/deptrim.log,org.bouncycastle:bcprov-jdk18on:1.71.1,3383,4567
OpenPDF,results/OpenPDF/deptrim/deptrim.log,org.bouncycastle:bcutil-jdk18on:1.71.1,532,579
httpcomponents-client_httpclient5,results/httpcomponents-client_httpclient5/deptrim/deptrim.log,org.conscrypt:conscrypt-openjdk-uber:2.5.2,140,316
httpcomponents-client_httpclient5,results/httpcomponents-client_httpclient5/deptrim/deptrim.log,org.brotli:dec:0.1.2,0,19
httpcomponents-client_httpclient5,results/httpcomponents-client_httpclient5/deptrim/deptrim.log,org.apache.httpcomponents.core5:httpcore5-h2:5.2,56,149
httpcomponents-client_httpclient5,results/httpcomponents-client_httpclient5/deptrim/deptrim.log,org.slf4j:slf4j-api:1.7.36,7,34
httpcomponents-client_httpclient5,results/httpcomponents-client_httpclient5/deptrim/deptrim.log,org.apache.httpcomponents.core5:httpcore5:5.2,229,635
jcabi-github,results/jcabi-github/deptrim/deptrim.log,com.jcabi.incubator:xembly:0.28.1,3,40
jcabi-github,results/jcabi-github/deptrim/deptrim.log,com.jcabi:jcabi-log:0.22.0,19,39
jcabi-github,results/jcabi-github/deptrim/deptrim.log,org.checkerframework:checker-qual:3.12.0,326,333
jcabi-github,results/jcabi-github/deptrim/deptrim.log,org.hamcrest:hamcrest:2.2,16,108
jcabi-github,results/jcabi-github/deptrim/deptrim.log,com.jcabi:jcabi-xml:0.25.3,14,21
jcabi-github,results/jcabi-github/deptrim/deptrim.log,com.jcabi:jcabi-immutable:1.5,6,11
jcabi-github,results/jcabi-github/deptrim/deptrim.log,org.apache.commons:commons-lang3:3.12.0,265,345
jcabi-github,results/jcabi-github/deptrim/deptrim.log,com.jcabi:jcabi-http:1.20.1,41,74
jcabi-github,results/jcabi-github/deptrim/deptrim.log,com.jcabi:jcabi-aspects:0.24.1,44,50
jcabi-github,results/jcabi-github/deptrim/deptrim.log,com.google.j2objc:j2objc-annotations:1.3,10,12
jcabi-github,results/jcabi-github/deptrim/deptrim.log,com.google.errorprone:error_prone_annotations:2.11.0,14,26
jcabi-github,results/jcabi-github/deptrim/deptrim.log,com.google.code.findbugs:jsr305:3.0.2,27,35
jcabi-github,results/jcabi-github/deptrim/deptrim.log,org.cactoos:cactoos:0.54.0,257,329
jcabi-github,results/jcabi-github/deptrim/deptrim.log,org.slf4j:slf4j-api:2.0.0-beta1,9,52
jcabi-github,results/jcabi-github/deptrim/deptrim.log,commons-io:commons-io:2.11.0,141,201
jcabi-github,results/jcabi-github/deptrim/deptrim.log,com.google.guava:guava:31.1-jre,1238,2023
jcabi-github,results/jcabi-github/deptrim/deptrim.log,org.antlr:antlr4-runtime:4.10.1,26,213
scribejava-core,results/scribejava-core/deptrim/deptrim.log,com.fasterxml.jackson.core:jackson-annotations:2.13.4,1,72
scribejava-core,results/scribejava-core/deptrim/deptrim.log,commons-codec:commons-codec:1.15,94,106
scribejava-core,results/scribejava-core/deptrim/deptrim.log,com.fasterxml.jackson.core:jackson-core:2.13.4,11,128
scribejava-core,results/scribejava-core/deptrim/deptrim.log,javax.xml.bind:jaxb-api:2.3.0,105,112
scribejava-core,results/scribejava-core/deptrim/deptrim.log,com.fasterxml.jackson.core:jackson-databind:2.13.4,37,708
scribejava-core,results/scribejava-core/deptrim/deptrim.log,com.github.scribejava:scribejava-java8:8.3.2,0,1
scribejava-core,results/scribejava-core/deptrim/deptrim.log,jakarta.xml.bind:jakarta.xml.bind-api:3.0.1,105,112
CoreNLP,results/CoreNLP/deptrim/deptrim.log,org.ejml:ejml-fsparse:0.39,4,26
CoreNLP,results/CoreNLP/deptrim/deptrim.log,org.ejml:ejml-dsparse:0.39,5,27
CoreNLP,results/CoreNLP/deptrim/deptrim.log,org.apache.lucene:lucene-analyzers-common:7.5.0,576,578
CoreNLP,results/CoreNLP/deptrim/deptrim.log,org.ejml:ejml-simple:0.39,1,146
CoreNLP,results/CoreNLP/deptrim/deptrim.log,org.ejml:ejml-fdense:0.39,30,124
CoreNLP,results/CoreNLP/deptrim/deptrim.log,org.ejml:ejml-core:0.39,8,147
CoreNLP,results/CoreNLP/deptrim/deptrim.log,com.apple:AppleJavaExtensions:1.4,17,21
CoreNLP,results/CoreNLP/deptrim/deptrim.log,xom:xom:1.3.7,25,287
CoreNLP,results/CoreNLP/deptrim/deptrim.log,joda-time:joda-time:2.10.5,20,247
CoreNLP,results/CoreNLP/deptrim/deptrim.log,javax.activation:javax.activation-api:1.2.0,4,31
CoreNLP,results/CoreNLP/deptrim/deptrim.log,org.ejml:ejml-cdense:0.39,9,31
CoreNLP,results/CoreNLP/deptrim/deptrim.log,org.glassfish:javax.json:1.0.4,0,72
CoreNLP,results/CoreNLP/deptrim/deptrim.log,org.apache.lucene:lucene-queryparser:7.5.0,252,254
CoreNLP,results/CoreNLP/deptrim/deptrim.log,javax.servlet:javax.servlet-api:3.0.1,25,74
CoreNLP,results/CoreNLP/deptrim/deptrim.log,com.google.code.findbugs:jsr305:3.0.2,28,35
CoreNLP,results/CoreNLP/deptrim/deptrim.log,de.jollyday:jollyday:0.4.9,22,82
CoreNLP,results/CoreNLP/deptrim/deptrim.log,org.ejml:ejml-zdense:0.39,9,31
CoreNLP,results/CoreNLP/deptrim/deptrim.log,xalan:serializer:2.7.2,39,108
CoreNLP,results/CoreNLP/deptrim/deptrim.log,org.apache.lucene:lucene-core:7.5.0,841,1923
CoreNLP,results/CoreNLP/deptrim/deptrim.log,xml-apis:xml-apis:1.3.03,101,302
CoreNLP,results/CoreNLP/deptrim/deptrim.log,xalan:xalan:2.7.2,929,1501
CoreNLP,results/CoreNLP/deptrim/deptrim.log,com.sun.xml.bind:jaxb-impl:2.4.0-b180830.0438,68,642
CoreNLP,results/CoreNLP/deptrim/deptrim.log,org.slf4j:slf4j-api:1.7.12,15,28
CoreNLP,results/CoreNLP/deptrim/deptrim.log,javax.xml.bind:jaxb-api:2.4.0-b180830.0359,20,112
CoreNLP,results/CoreNLP/deptrim/deptrim.log,com.google.protobuf:protobuf-java:3.19.2,177,675
CoreNLP,results/CoreNLP/deptrim/deptrim.log,xerces:xercesImpl:2.8.0,222,878
CoreNLP,results/CoreNLP/deptrim/deptrim.log,org.ejml:ejml-ddense:0.39,30,124
CoreNLP,results/CoreNLP/deptrim/deptrim.log,org.apache.commons:commons-lang3:3.3.1,156,217
CoreNLP,results/CoreNLP/deptrim/deptrim.log,com.sun.istack:istack-commons-runtime:3.0.7,14,22
CoreNLP,results/CoreNLP/deptrim/deptrim.log,com.googlecode.json-simple:json-simple:1.1.1,1,12
immutables_gson,results/immutables_gson/deptrim/deptrim.log,javax.ws.rs:javax.ws.rs-api:2.0,35,125
immutables_gson,results/immutables_gson/deptrim/deptrim.log,com.google.code.gson:gson:2.8.8,13,182
poi-tl,results/poi-tl/deptrim/deptrim.log,xml-apis:xml-apis:1.4.01,145,346
poi-tl,results/poi-tl/deptrim/deptrim.log,org.apache.xmlgraphics:batik-script:1.14,7,13
poi-tl,results/poi-tl/deptrim/deptrim.log,xml-apis:xml-apis-ext:1.3.04,5,192
poi-tl,results/poi-tl/deptrim/deptrim.log,org.apache.xmlgraphics:batik-util:1.14,13,80
poi-tl,results/poi-tl/deptrim/deptrim.log,org.apache.xmlgraphics:batik-gvt:1.14,15,103
poi-tl,results/poi-tl/deptrim/deptrim.log,org.apache.logging.log4j:log4j-api:2.17.2,56,180
poi-tl,results/poi-tl/deptrim/deptrim.log,org.apache.xmlgraphics:batik-anim:1.14,4,396
poi-tl,results/poi-tl/deptrim/deptrim.log,commons-logging:commons-logging:1.0.4,5,18
poi-tl,results/poi-tl/deptrim/deptrim.log,com.zaxxer:SparseBitSet:1.2,0,15
poi-tl,results/poi-tl/deptrim/deptrim.log,org.apache.xmlgraphics:batik-i18n:1.14,1,4
poi-tl,results/poi-tl/deptrim/deptrim.log,commons-codec:commons-codec:1.15,90,106
poi-tl,results/poi-tl/deptrim/deptrim.log,org.apache.xmlgraphics:batik-ext:1.14,0,7
poi-tl,results/poi-tl/deptrim/deptrim.log,org.slf4j:slf4j-api:1.7.32,3,34
poi-tl,results/poi-tl/deptrim/deptrim.log,org.apache.xmlgraphics:xmlgraphics-commons:2.6,360,374
poi-tl,results/poi-tl/deptrim/deptrim.log,org.apache.poi:poi-ooxml-lite:5.2.2,1362,2494
poi-tl,results/poi-tl/deptrim/deptrim.log,org.apache.poi:poi:5.2.2,327,1652
poi-tl,results/poi-tl/deptrim/deptrim.log,org.apache.xmlgraphics:batik-parser:1.14,0,55
poi-tl,results/poi-tl/deptrim/deptrim.log,org.apache.commons:commons-math3:3.6.1,1015,1301
poi-tl,results/poi-tl/deptrim/deptrim.log,org.apache.xmlgraphics:batik-constants:1.14,0,1
poi-tl,results/poi-tl/deptrim/deptrim.log,org.apache.xmlgraphics:batik-dom:1.14,4,115
poi-tl,results/poi-tl/deptrim/deptrim.log,org.apache.xmlgraphics:batik-awt-util:1.14,38,222
poi-tl,results/poi-tl/deptrim/deptrim.log,org.apache.xmlgraphics:batik-bridge:1.14,48,399
poi-tl,results/poi-tl/deptrim/deptrim.log,org.apache.commons:commons-collections4:4.4,213,524
poi-tl,results/poi-tl/deptrim/deptrim.log,org.apache.commons:commons-compress:1.21,301,524
poi-tl,results/poi-tl/deptrim/deptrim.log,org.apache.xmlgraphics:batik-codec:1.14,28,45
poi-tl,results/poi-tl/deptrim/deptrim.log,org.apache.xmlgraphics:batik-css:1.14,30,237
poi-tl,results/poi-tl/deptrim/deptrim.log,org.apache.poi:poi-ooxml:5.2.2,379,869
poi-tl,results/poi-tl/deptrim/deptrim.log,org.apache.xmlgraphics:batik-xml:1.14,4,6
poi-tl,results/poi-tl/deptrim/deptrim.log,commons-io:commons-io:2.11.0,181,201
poi-tl,results/poi-tl/deptrim/deptrim.log,org.apache.xmlgraphics:batik-transcoder:1.14,35,60
poi-tl,results/poi-tl/deptrim/deptrim.log,org.apache.xmlbeans:xmlbeans:5.0.3,361,1031
poi-tl,results/poi-tl/deptrim/deptrim.log,org.apache.commons:commons-lang3:3.3.2,162,217
poi-tl,results/poi-tl/deptrim/deptrim.log,org.apache.xmlgraphics:batik-svg-dom:1.14,0,64
java-faker,results/java-faker/deptrim/deptrim.log,com.github.mifmif:generex:1.0.2,1,7
java-faker,results/java-faker/deptrim/deptrim.log,org.yaml:snakeyaml:1.26,11,214
java-faker,results/java-faker/deptrim/deptrim.log,dk.brics.automaton:automaton:1.11-8,3,25
java-faker,results/java-faker/deptrim/deptrim.log,org.apache.commons:commons-lang3:3.5,207,260
tika_tika-core,results/tika_tika-core/deptrim/deptrim.log,org.slf4j:slf4j-api:2.0.3,9,52
tika_tika-core,results/tika_tika-core/deptrim/deptrim.log,commons-io:commons-io:2.11.0,178,201
